{
  "cv_agent_icon_model": {
    "accuracy": 0.9133937562940584,
    "macroF1": 0.8680586016099197,
    "precision": 0.8945706007100409,
    "recall": 0.8484145299926927,
    "ece": 0.022059659824109137,
    "latencyMsP50": 0.08,
    "latencyMsP95": 0.103,
    "backgroundCount": 0,
    "dataVersion": "1.1.0",
    "trainedAt": "2026-03-05T04:30:21Z",
    "recordCount": 9930,
    "skippedRecords": 2311,
    "mode": "real"
  }
}
