{
  "cv_agent_icon_model": {
    "accuracy": 0.817258883248731,
    "macroF1": 0.7199907076068066,
    "precision": 0.7389230979748221,
    "recall": 0.7097351722351722,
    "ece": 0.6784134887767728,
    "latencyMsP50": 0.12,
    "latencyMsP95": 0.199,
    "backgroundCount": 0,
    "dataVersion": "1.1.0",
    "trainedAt": "2026-03-05T03:40:14Z",
    "recordCount": 1962,
    "skippedRecords": 8,
    "mode": "real"
  }
}
